id;title;price;image
1;Computador Completo Core i5 4GB SSD 128GB Pc Intel Monitor Teclado e Mouse Cpu Desktop Strong Tech;R$ 1.450,00;https://m.media-amazon.com/images/I/61QkUW+g7xL._AC_UL320_.jpg
2;Computador Completo Intel Core i5 8GB SSD 240GB Monitor 17" Hdmi;R$ 1.585,00;https://m.media-amazon.com/images/I/71QBwRNlIcL._AC_UL320_.jpg
3;Computador Pc Intel Core i5 8GB HD 1TB Hdmi Cpu Desktop;R$ 1.350,00;https://m.media-amazon.com/images/I/61rEg95kiGL._AC_UL320_.jpg
4;Computador Pc Intel Core i5 4GB HD 2TB Hdmi Cpu Desktop;R$ 1.399,67;https://m.media-amazon.com/images/I/61rQVZclvTL._AC_UL320_.jpg
5;Computador Intel Core I5 8gb 240gb Ssd. Total;R$ 905,00;https://m.media-amazon.com/images/I/61GiE2virML._AC_UL320_.jpg
6;Computador Completo Intel Core i5 8GB SSD 480GB Windows 10 Monitor 19" HDMI 3green ElitePC Slim;R$ 2.073,98;https://m.media-amazon.com/images/I/61xm1msZ6NL._AC_UL320_.jpg
7;PC HOME OFFICE INTEL CORE i7 3770 - 16GB - SSD 480GB - GABINETE GAMER VX - 500W REAL- WINDOWS 10 ORIGINAL LIDER 4;R$ 1.634,99;https://m.media-amazon.com/images/I/51gtFjSX3XL._AC_UL320_.jpg
1;Liquidificador Electrolux 1200W Preto Expert com Tecnologia TruFlow® Power System BLP70;R$ 759,00;https://m.media-amazon.com/images/I/51dQhjDDlOL._AC_UL320_.jpg
2;BLACK+DECKER Liquidificador com Jarra de Vidro Inox Gourmand Gris 700W 220V L7000G;R$ 409,90;https://m.media-amazon.com/images/I/71c5Z8tqAJL._AC_UL320_.jpg
3;BLACK+DECKER Mixer Vertical Fusion Mix 600W Preto MK600;R$ 335,00;https://m.media-amazon.com/images/I/81VHROCphNL._AC_UL320_.jpg
4;Liquidificador Espremedor Elétrico Liquidificador Copo Sem Fio Usb Portátil 4 Lâminas Liquidificador recarregável de copo de suco inteligente portátil;R$ 149,00;https://m.media-amazon.com/images/I/71eTVdYnGVL._AC_UL320_.jpg
5;Liquidificador Oster 1400 Full, 3,2L, 110V, Preto, 1400W, OLIQ610;R$ 192,99;https://m.media-amazon.com/images/I/510rQSpiqSL._AC_UL320_.jpg
6;Liquidificador Mondial, Turbo Power 550W, 110V, Preto, 1,6L - L-99 FB;R$ 99,90;https://m.media-amazon.com/images/I/81s9CRAW+9L._AC_UL320_.jpg
7;Liquidificador Mondial Turbo L-900 FB LIQUIDIFICADOR-127V-PRETO;R$ 114,00;https://m.media-amazon.com/images/I/81m5hJSkwiL._AC_UL320_.jpg
8;Computador Pc Cpu Intel Core i5 Com Hdmi 8GB HD 500GB Windows 10 Wifi Desktop;R$ 954,00;https://m.media-amazon.com/images/I/519CpLs066L._AC_UL320_.jpg
9;Easypc Computador Completo Intel Core i5 8GB SSD 240GB Monitor LED 19.5" HDMI Go, Preto;R$ 1.592,78;https://m.media-amazon.com/images/I/61fPqhbDdDL._AC_UL320_.jpg
10;PC Gamer Completo AMD 6-Core CPU 3.8Ghz 8GB (Placa de vídeo Radeon R5 2GB) SSD 120GB Kit Gamer Skill Gaming Monitor HDMI LED 19.5", 40475, Preto, Média;R$ 2.191,20;https://m.media-amazon.com/images/I/81datM9VpRS._AC_UL320_.jpg
11;Computador Completo Intel Core i5 8GB SSD 480GB Windows 10 Monitor 19" HDMI 3green ElitePC;R$ 2.399,00;https://m.media-amazon.com/images/I/811im6l7G7S._AC_UL320_.jpg
12;PC Intel Core i5 6 Geração, 8GB RAM, SSD 120GB Leve um copo Stanley;R$ 1.650,00;https://m.media-amazon.com/images/I/41oLySkeiZL._AC_UL320_.jpg
13;Pc Cpu Intel Core I5 Quad Core + 8gbram + ssd 240gb;R$ 1.179,49;https://m.media-amazon.com/images/I/51eTowUSF+L._AC_UL320_.jpg
14;Computador Completo Intel Core i5 8GB SSD 240GB Monitor 17" Hdmi;R$ 1.585,00;https://m.media-amazon.com/images/I/71QBwRNlIcL._AC_UL320_.jpg
15;Computador Completo Intel Core i5 8GB SSD 128GB Monitor 17" Hdmi;R$ 1.548,00;https://m.media-amazon.com/images/I/71jBu0BcR4L._AC_UL320_.jpg
8;Liquidificador Mondial, Turbo Inox 1200W, 110V, Preto, 3L - L-1200 BI;R$ 159,00;https://m.media-amazon.com/images/I/810BeuLrc2L._AC_UL320_.jpg
9;Liquidificador, Diamante, 900w, Preto, 110v, Britânia;R$ 126,40;https://m.media-amazon.com/images/I/61xAGmD0lBL._AC_UL320_.jpg
10;Liquidificador Turbo Mondial Inox Red L-1000 RI LIQUIDIFICADOR-127V-VERMELHO/INOX;R$ 136,78;https://m.media-amazon.com/images/I/81X-s962F3L._AC_UL320_.jpg
11;Liquidificador Daily 2L 550W RI2110, Preto, 220v, Philips Walita;R$ 111,00;https://m.media-amazon.com/images/I/6176iz1U53S._AC_UL320_.jpg
12;Liquidificador, Ph900, 3L, Preto, 110V, Philco;R$ 152,10;https://m.media-amazon.com/images/I/81QrIyGHgOL._AC_UL320_.jpg
13;Liquidificador Power Mix Arno Branco;Null;https://m.media-amazon.com/images/I/71NV9O0kzDL._AC_UL320_.jpg
16;Computador Completo Intel Core i5 8gb SSD 120GB Monitor Hdmi;R$ 1.579,00;https://m.media-amazon.com/images/I/41kaCtuXnwL._AC_UL320_.jpg
14;Liquidificador, Eletronic Pro 2 EM 1, 2,5L, Preto, 110V, Britânia;R$ 170,60;https://m.media-amazon.com/images/I/61srZ8+tOzL._AC_UL320_.jpg
15;Liquidificador Power Max 700 Limpa Fácil Ln60 Arno Power Mix Limpa Fácil Preto 127v;R$ 274,00;https://m.media-amazon.com/images/I/81VsvO5+guL._AC_UL320_.jpg
17;Computador Intel Core i5 16GB SSD 240GB EasyPC Go;R$ 1.120,00;https://m.media-amazon.com/images/I/71fMER1GMvS._AC_UL320_.jpg
18;Computador Pc Cpu Intel Core i5 Com Hdmi 8GB HD 500GB Windows 10 Wifi Desktop;R$ 935,00;https://m.media-amazon.com/images/I/519CpLs066L._AC_UL320_.jpg
19;Computador Completo Intel Core i5 8gb SSD 240GB Monitor Hdmi;R$ 1.643,57;https://m.media-amazon.com/images/I/614sG5PFF6L._AC_UL320_.jpg
20;Pc Gamer Intel Core i7 3770-3.90 GHz,16GB RAM, Placa de vídeo 2GB, SSD 512GB, Fonte 500w, Gabinete GAMER;R$ 1.909,00;https://m.media-amazon.com/images/I/51zQsIiFcRL._AC_UL320_.jpg
21;ELDINGU SSD 1TB Interno Disco Sólido SATA III 6GB/S 2,5” Com SATA Cabo 3D NAND Chip Até 520 Mb/s Para Atualizar Computadores Laptop e Desktop (Preto 1tb);R$ 419,99;https://m.media-amazon.com/images/I/615i1n7ecsL._AC_UL320_.jpg
22;Webcam Full HD Logitech C922 Pro Stream com Microfone para Gravações em Video 1080p e Tripé Incluso, Compatível com Logitech Capture;R$ 453,06;https://m.media-amazon.com/images/I/61gpJAcAQIL._AC_UL320_.jpg
23;GHY Protetor de Tela Azul de 23,6 23,8 24 Polegadas (diagonal) para Proporção 16:9 Computador, Filtros de Tela de Computador para Tensão Ocular, Miopia, Proteção UV, Antiarranhões para Tela de Monitor de Computador;R$ 400,00;https://m.media-amazon.com/images/I/81DiOBSesyL._AC_UL320_.jpg
16;Liquidificador, Multijarras, Preto, 110v, Hamilton Beach;R$ 294,00;https://m.media-amazon.com/images/I/61PgiRS5m2L._AC_UL320_.jpg
24;Protetor de Tela Luz Azul para Computador Monitor 20 Polegadas (DIAGONAL) com 90% Anti Luz azul, Proteção UV 99% para Reduzir A Tensão Ocular e Míope. Protetor de Tela Computador de (W 18 1/16 x H 10 5/8);R$ 350,00;https://m.media-amazon.com/images/I/91a3ILiaeWL._AC_UL320_.jpg
17;Arno LQ20 Liquidificador Power Mix Plus, Preto;R$ 149,00;https://m.media-amazon.com/images/I/71O0Osf-kkL._AC_UL320_.jpg
25;Computador Intel Core i5 Com Hdmi 8GB HD 1TB Windows 10 Desktop;R$ 999,00;https://m.media-amazon.com/images/I/61W+o62-SyL._AC_UL320_.jpg
18;Liquidificador Oster, 1100 Full White, 3,2L, 110V, 1100W, OLIQ605;R$ 145,78;https://m.media-amazon.com/images/I/71ojkTsncyL._AC_UL320_.jpg
26;Computador Completo Core i5 8GB SSD 256GB Pc Intel Monitor Teclado e Mouse Cpu Desktop Strong Tech;R$ 1.548,00;https://m.media-amazon.com/images/I/61QkUW+g7xL._AC_UL320_.jpg
19;Arno LN55, Liquidificador Power Max 1000W, 220V, Preto;R$ 202,00;https://m.media-amazon.com/images/I/61JISjbMu5L._AC_UL320_.jpg
27;Computador Completo Intel Core i5 8GB SSD 512GB Monitor 19" Hdmi Teclado e Mouse Strong Tech;R$ 1.899,00;https://m.media-amazon.com/images/I/716F6614nqL._AC_UL320_.jpg
20;Liquidificador, B1000, 3L, Preto, 220V, Britânia;R$ 152,50;https://m.media-amazon.com/images/I/51gBK1qB2+L._AC_UL320_.jpg
28;PC Intel Core i5, 8GB RAM DDR3, HD SSD 240GB;R$ 902,00;https://m.media-amazon.com/images/I/41IEMsyGFiL._AC_UL320_.jpg
21;Liquidificador Espremedor Elétrico Liquidificador Copo Sem Fio Usb Portátil 4 Lâminas Liquidificador recarregável de copo de suco inteligente portátil;R$ 139,00;https://m.media-amazon.com/images/I/61D8JPfD6HL._AC_UL320_.jpg
29;All in One LG 22V280-L.BY31P1 - Intel Quad Core, 4GB, 500GB, 21,5” Full HD, Windows 10;R$ 2.199,00;https://m.media-amazon.com/images/I/31E3nirrmeL._AC_UL320_.jpg
22;A sixx Equipamento de base de substituição anticorrosão, engrenagens de lâmina, aço inoxidável substituível para picar rapidamente liquidificador/máquina de suco durável para liquidificador Ultima;R$ 106,49;https://m.media-amazon.com/images/I/51z5ZScX0HL._AC_UL320_.jpg
30;Pc Cpu Intel Core I5 3º3470 3,2ghz+8gbram+ssd 240gb Promoção;R$ 905,00;https://m.media-amazon.com/images/I/41vwcRH2haL._AC_UL320_.jpg
23;Batedor De Batidos Batidos, Liquidificador De Garrafa Sem Fio Construído Em Bateria Recarregável, Liquidificador De Suco Fresco Portátil 1800mah Usb Recarregável, Para Cozinha De Esportes De Viagem;R$ 135,57;https://m.media-amazon.com/images/I/71SGIo-1EvL._AC_UL320_.jpg
31;Computador Desktop Business Intel Core i3 3.0Ghz / 4Gb DDR3 / HD 500GB / Monitor LED 19 Kit - Flex Computer;R$ 1.359,00;https://m.media-amazon.com/images/I/61huNT3KZ2L._AC_UL320_.jpg
24;Tampa para Liquidificadores Multichef E Maximums, Oster, Preto;R$ 39,90;https://m.media-amazon.com/images/I/71F2LVQkReL._AC_UL320_.jpg
32;PC Gamer Mancer (AMD Ryzen 7 5700G, 16GB DDR4, SSD 240GB, HD 1TB, 500W);R$ 4.055,90;https://m.media-amazon.com/images/I/61u9iBBGsbL._AC_UL320_.jpg
25;Liquidificador Mondial, Turbo Inox 1100W, 110V, Preto, 3L - L-1100 BI;R$ 139,00;https://m.media-amazon.com/images/I/51OCuxGkXZL._AC_UL320_.jpg
33;Computador Completo Core i5 4GB SSD 128GB Pc Intel Monitor Teclado e Mouse Cpu Desktop Strong Tech;R$ 1.450,00;https://m.media-amazon.com/images/I/61QkUW+g7xL._AC_UL320_.jpg
26;Liquidificador, PLq912V Inox, 3L, Vermelho, 110V, Philco;R$ 158,49;https://m.media-amazon.com/images/I/61J9J-zpXzL._AC_UL320_.jpg
34;PC Intel Core i7 até 3,80 GHz, 8GB RAM DDR3, HD 500GB + SSD 120GB Melhor Preço!!;R$ 1.250,00;https://m.media-amazon.com/images/I/61E7vT0W88L._AC_UL320_.jpg
27;Liquidificador Individual, Azul, 220v, Hamilton Beach;R$ 134,57;https://m.media-amazon.com/images/I/616BCjZA8FL._AC_UL320_.jpg
35;Cpu Computador Pc Intel Core I5 4ª Geração/Ssd 240gb, 8gb Memória Ram - PROMOÇÃO!;R$ 1.099,00;https://m.media-amazon.com/images/I/31KwKwu-7XL._AC_UL320_.jpg
28;Liquidificador Super Chef, Vermelho, 220v, Oster;R$ 215,95;https://m.media-amazon.com/images/I/71vJy0QHf-L._AC_UL320_.jpg
36;Cpu Intel Core I7 3770 1600 Mhz + 16gb + Ssd240gb;R$ 1.225,00;https://m.media-amazon.com/images/I/41IEMsyGFiL._AC_UL320_.jpg
29;Liquidificador Turbo, Blq1300p, 1200W, 3L, Chumbo, 220v, Britânia;R$ 178,48;https://m.media-amazon.com/images/I/51vml1CWw3L._AC_UL320_.jpg
37;PC Gamer OnGaming® Ryzen 5 5600G, Radeon™ Graphics Vega 7, 16GB Ram, SSD 240GB, Gabinete RGB;R$ 3.134,00;https://m.media-amazon.com/images/I/61rPwqa-osL._AC_UL320_.jpg
30;Liquidificador Mondial, Easy Power 550W, 220V, Preto, 1L - L-550-B;R$ 98,61;https://m.media-amazon.com/images/I/51F9LdnkqmL._AC_UL320_.jpg
38;Strong Tech Computador Completo Intel Core i5 8GB SSD 240GB Monitor 19" HDMI Teclado e Mouse, Preto;R$ 1.640,00;https://m.media-amazon.com/images/I/71zK62UPYEL._AC_UL320_.jpg
31;Liquidificador, Arno, Power Mix Limpa Fácil, Vermelho;R$ 149,99;https://m.media-amazon.com/images/I/810LXnAFWeL._AC_UL320_.jpg
39;Computador Completo Intel Core i5 8GB SSD 240GB Monitor 19" Hdmi Teclado e Mouse Strong Tech;R$ 1.660,20;https://m.media-amazon.com/images/I/71yNlWZnwAL._AC_UL320_.jpg
32;PHILIPS Liquidificador Daily RI2112, Preto, 220v, Walita;R$ 129,00;https://m.media-amazon.com/images/I/51oIWqAV9xL._AC_UL320_.jpg
40;Strong Tech Computador Completo Intel Core i5 8GB SSD 120GB Monitor 19" HDMI Teclado e Mouse, Preto;R$ 1.550,00;https://m.media-amazon.com/images/I/71gVquYXakL._AC_UL320_.jpg
33;Liquidificador Oster, 1100 Full White, 3,2L, 220V, 1100W, OLIQ605;R$ 164,99;https://m.media-amazon.com/images/I/71ojkTsncyL._AC_UL320_.jpg
41;Computador Completo Intel Core i5 8GB HD 1TB Monitor 19" Hdmi Teclado e Mouse Strong Tech;R$ 1.830,00;https://m.media-amazon.com/images/I/71g9bW04IAL._AC_UL320_.jpg
34;Liquidificador Daily Turbo Duravita, 2L, 700W, Preto, 220V, Philips Walita;R$ 137,61;https://m.media-amazon.com/images/I/515HCtNHS0L._AC_UL320_.jpg
42;PC Gamer Arena Powered By Asus, Ryzen 5 5600G, Radeon™ Graphics Vega 7, 16GB Ram, SSD 240GB, Gabinete RGB;R$ 3.199,00;https://m.media-amazon.com/images/I/51QRmwAg1AL._AC_UL320_.jpg
35;Liquidificador a Vácuo 800W, Jarra Tritan 1,5ml, Copo as 0,8ml Vermelho Masterchef - LV3001V;R$ 299,99;https://m.media-amazon.com/images/I/51de8ns4pcL._AC_UL320_.jpg
43;Skill Gaming PC Gamer AMD 6-Core CPU 3.8Ghz 8GB (Placa de vídeo Radeon R5 2GB) SSD 120GB Casual, Preto, Média, 40453;R$ 1.619,19;https://m.media-amazon.com/images/I/51juJ9+3zwL._AC_UL320_.jpg
36;LIQUIDIFICADOR ELGIN 2 VELOCIDADES MAIS PULSAR 650W COM JARRA 1,6L;R$ 99,00;https://m.media-amazon.com/images/I/819ed3M4BES._AC_UL320_.jpg
44;Computador Completo Intel Core i5 8GB SSD 480GB Monitor 19" Hdmi Teclado e Mouse Strong Tech Slim;R$ 2.100,00;https://m.media-amazon.com/images/I/61Cs7P50TbL._AC_UL320_.jpg
37;Black+Decker Liquidificador e processador fácil de lavar 300W 127V LP320-BR;R$ 246,31;https://m.media-amazon.com/images/I/51alyDpzPdL._AC_UL320_.jpg
45;Computador CPU i7, 16GB DDR3, SSD 480GB ~ Promoção ~;R$ 1.685,29;https://m.media-amazon.com/images/I/51vWr2rn8fL._AC_UL320_.jpg
46;PC Gamer AMD Ryzen 5 2400G, 16 GB de RAM DDR4, SSD 512 GB, Gráficos Radeon RX Vega 11, Gabinete GAMER com LED;R$ 3.380,00;https://m.media-amazon.com/images/I/511-wWD4c8L._AC_UL320_.jpg
47;Computador Completo Intel Core i5 8GB HD 500GB Monitor 17" Hdmi;R$ 1.550,00;https://m.media-amazon.com/images/I/71xJYH86kJL._AC_UL320_.jpg
48;Computador Mancer Home Office (AMD RYZEN 5 4650G, 8GB DDR4, SSD 240GB, 200W, Combat);R$ 2.078,90;https://m.media-amazon.com/images/I/51pdQ6toPbL._AC_UL320_.jpg
49;Computador Completo Intel Core i5 8GB SSD 120GB Monitor 19" Hdmi Teclado e Mouse Strong Tech;R$ 1.599,50;https://m.media-amazon.com/images/I/71+EoATWJfL._AC_UL320_.jpg
50;Computador Completo Home and Business Intel Core i3 RAM 4GB HD 500GB Monitor 19.5" LED Quantum, PRETO, Média, 37817;R$ 1.390,40;https://m.media-amazon.com/images/I/61J-0L3GhCL._AC_UL320_.jpg
51;COMPUTADOR BUSINESS B300 - CORE I3 3220 3.3GHZ MEM 4GB DDR3 SEM HD/SSD HDMI/VGA FONTE 200W - SKUL;R$ 1.485,37;https://m.media-amazon.com/images/I/71slGzoMT9L._AC_UL320_.jpg
52;Computador Completo Core i5 4GB SSD 256GB Pc Intel Monitor Teclado e Mouse Cpu Desktop Strong Tech;R$ 1.499,00;https://m.media-amazon.com/images/I/61QkUW+g7xL._AC_UL320_.jpg
53;Computador Completo Intel Core i3 8GB SSD 240GB Monitor 19" Hdmi Teclado e Mouse Strong Tech;R$ 1.574,00;https://m.media-amazon.com/images/I/71GLsWtj8YL._AC_UL320_.jpg
54;Computador Completo Pc Cpu Monitor 19" Intel Core i3 Turbo 4GB SSD 120GB Hdmi Teclado e Mouse Desktop;R$ 1.449,00;https://m.media-amazon.com/images/I/71bKD6erIeL._AC_UL320_.jpg
55;Computador CorPC Intel Core i3 4GB DDR3, HD 500GB e Monitor LED 19.5, PRETO, Média, 6584;R$ 1.319,11;https://m.media-amazon.com/images/I/518nL4oxwAL._AC_UL320_.jpg
38;Liquidificador e Extrator de Nutrientes Blender Combo 1000w - 127V | NutriBullet;Null;https://m.media-amazon.com/images/I/61AktnV3viL._AC_UL320_.jpg
56;Strong Tech Computador Completo Intel Core i5 8GB HD 500GB Monitor 17" HDMI Teclado e Mouse, Preto;R$ 1.535,00;https://m.media-amazon.com/images/I/71PHa93J0UL._AC_UL320_.jpg
39;Liquidificador Blender Go Sport Hamilton Beach 650w;R$ 359,90;https://m.media-amazon.com/images/I/51YMp4SgstL._AC_UL320_.jpg
57;Almofada de resfriamento de laptop AICHESON com luzes RGB para notebooks de computador de 14 a 17,3 polegadas, painel de metal, 3 ventoinhas de resfriamento;R$ 445,00;https://m.media-amazon.com/images/I/71fF4LLciQL._AC_UL320_.jpg
58;Rato para jogos PHNIXGAM Cat Paw RGB, Ratos de computador ópticos silenciosos USB com 6 DPI ajustáveis até 7200, iluminação RGB, 6 botões programáveis para Windows/Vista/Linux (Branco);R$ 108,00;https://m.media-amazon.com/images/I/51AQnywXLoL._AC_UL320_.jpg
59;Computador Pc Intel Core i7 4GB SSD 256GB Hdmi Cpu Desktop;R$ 1.550,00;https://m.media-amazon.com/images/I/617yf2IMfTL._AC_UL320_.jpg
40;Multiprocessador de Alimentos Philco All In One Citrus Preto 127V;R$ 276,87;https://m.media-amazon.com/images/I/61pUTHaBBkL._AC_UL320_.jpg
60;Computador Pc Intel Core i5 4GB SSD 240GB Hdmi Cpu Desktop;R$ 1.109,00;https://m.media-amazon.com/images/I/61k2KI7cBnL._AC_UL320_.jpg
41;Liquidificador Actimix To Go Inox com Jarra Portátil Limpa Fácil, 3 Copos Extras e 2 Velocidade LQ01 - 127V;R$ 349,00;https://m.media-amazon.com/images/I/61cOFLp+pIL._AC_UL320_.jpg
42;LIQUIDIFICADOR PLQ912P INOX RED 127V, PHILCO, 103101071;R$ 245,00;https://m.media-amazon.com/images/I/613N2xHKXdL._AC_UL320_.jpg
43;Cadence LIQUIDIFICADOR LIQ415 127V BRANCO 15 VELOC, LIQ415-127;R$ 159,90;https://m.media-amazon.com/images/I/71rauSeKEaL._AC_UL320_.jpg
44;Liquidificador Portátil Garrafa Mixer Silencioso Shakeira Coqueteleira Copo Mini Recarregável Usb Elétrico Alimentos Frutas;R$ 67,49;https://m.media-amazon.com/images/I/51qil4UuRLL._AC_UL320_.jpg
45;Liquidificador Mondial, Power Black 550W, 110V, 1,9L - L-28;R$ 125,08;https://m.media-amazon.com/images/I/81iWp-Qi2aL._AC_UL320_.jpg
46;Kit Super Chef Preto - Liquidificador e Jarra Blend N Go - 220V;R$ 339,90;https://m.media-amazon.com/images/I/513ncnmSPsL._AC_UL320_.jpg
47;Liquidificador Oster, 220v, 1000W, Vermelho - OLIQ501;R$ 294,90;https://m.media-amazon.com/images/I/71-LtEQ479L._AC_UL320_.jpg
48;Liquidificador BLQDiamante 1000P Turbo 2L Preto 1000w 127v;R$ 134,99;https://m.media-amazon.com/images/I/51LQR10I3jL._AC_UL320_.jpg
49;PHILIPS Liquidificador Série 5000, RI2240, Vermelho, 110v, Walita;R$ 243,90;https://m.media-amazon.com/images/I/61Jz3xvXm4S._AC_UL320_.jpg
50;Ninja BL610 Liquidificador profissional de bancada de 2041 g com base de 1000 watts e tecnologia total de trituração para vitaminas, gelo e frutas congeladas, preto, 24 cm C x 19 cm L x 43 cm A;R$ 2.157,00;https://m.media-amazon.com/images/I/71iD5RyhuaL._AC_UL320_.jpg
51;Liquidificador Blendforce, Arno;R$ 348,23;https://m.media-amazon.com/images/I/41qfwe+XSaL._AC_UL320_.jpg
52;Liquidificador, E7CB1-4SML, 850ml, Areia Metálica, 110v, Electrolux;R$ 494,42;https://m.media-amazon.com/images/I/71RtwA7arbL._AC_UL320_.jpg
53;Liquidificador Industrial 2 Litros Alta Rotação - Jl Colombo - 220V;R$ 419,90;https://m.media-amazon.com/images/I/41QPbHgYZvS._AC_UL320_.jpg
54;Liquidificador Philips Walita Daily Turbo RI2113 Jarra Duravita 700w 5vel. Branco 110v;R$ 209,90;https://m.media-amazon.com/images/I/61rb2mbOSzL._AC_UL320_.jpg
55;Liquidificador New Osterizer Clássico Aço Escovado Oster 1,25L - 127V;R$ 499,90;https://m.media-amazon.com/images/I/51W3JGR64tL._AC_UL320_.jpg
56;Liquidificador Plq1400p 127v;R$ 159,90;https://m.media-amazon.com/images/I/51vb-iDdpyL._AC_UL320_.jpg
57;Tampa para Jarra de Liquidificador Osterizer Clássico, Preto, Oster;R$ 27,91;https://m.media-amazon.com/images/I/81P+PH5UUOL._AC_UL320_.jpg
58;Liquidificador Robust Cadence Preto 127v;R$ 142,00;https://m.media-amazon.com/images/I/81Z1WTO3BKL._AC_UL320_.jpg
59;Liquidificador Oster, 220v, 1000W, Vermelho - OLIQ501;R$ 294,90;https://m.media-amazon.com/images/I/71-LtEQ479L._AC_UL320_.jpg
60;Liquidificador Oster, 1100 Full White, 3,2L, 110V, 1100W, OLIQ605;R$ 145,78;https://m.media-amazon.com/images/I/71ojkTsncyL._AC_UL320_.jpg
61;Mingzhe Liquidificador de 1400 W com 6 Blad-es 1,8 L de grande capacidade antiderrapante 2 modos para uso doméstico;R$ 951,99;https://m.media-amazon.com/images/I/61WuZF7gqpL._AC_UL320_.jpg
62;mewmewcat Liquidificador portátil Quatro cortadores Juicer Cup 350ml Máquina de mistura de frutas copo removível USB recarregável para viagens esportivas e ao ar livre;R$ 83,99;https://m.media-amazon.com/images/I/51RyS-4WDCS._AC_UL320_.jpg
63;mewmewcat Smoothie Blender, 750 W de bancada com 2 velocidades ajustáveis e função de pulso, liquidificador de cozinha com jarra de vidro Tritan de 48 onças para batidos, smoothies, trituradores de;R$ 473,99;https://m.media-amazon.com/images/I/31xzDuFGWCL._AC_UL320_.jpg
64;mewmewcat 350mL de espremedor portátil elétrico misturador copo USB Smoothie liquidificador agita máquina portátil de frutas e vegetais Milkshake espremedor para viagens ao ar livre escritório casa co;R$ 95,99;https://m.media-amazon.com/images/I/61M3O8F-axS._AC_UL320_.jpg
65;Liquidificador Colors Evolution, Amarelo, 220v, Cadence;R$ 142,90;https://m.media-amazon.com/images/I/61u-CD2pUAL._AC_UL320_.jpg
66;Liquidificador Power Mix Limpa Fácil, Cinza Claro, 220v, Arno;R$ 165,40;https://m.media-amazon.com/images/I/81KNtwvDmLL._AC_UL320_.jpg
67;Liquidificador Série 5000, RI2242, Jarra Inquebrável, Preto, 220v, Philips Walita;R$ 415,90;https://m.media-amazon.com/images/I/51aYdyQPZZL._AC_UL320_.jpg
68;Liquidificador, Eletronic Filter 800 4V, 2,5L, Preto, 220V, Britânia;R$ 129,90;https://m.media-amazon.com/images/I/81NK1mrpfwL._AC_UL320_.jpg
69;Mini USB Liquidificador Portatil 6 Lâmina Mixer Portatil Shake Coqueteleira Eletrica Sem Fio Squeeze Recarregavel (Azul);R$ 60,90;https://m.media-amazon.com/images/I/71kqlHqE31L._AC_UL320_.jpg
70;Liquidificador Robust, Vermelho, 110v, Cadence;R$ 159,90;https://m.media-amazon.com/images/I/61B6he7KmIL._AC_UL320_.jpg
71;PHILIPS Liquidificador Série 5000, Jarra Inquebrável, RI2244, 110v, Walita;R$ 599,00;https://m.media-amazon.com/images/I/61uhm9oeVGS._AC_UL320_.jpg
72;Liquidificador 12 Velocidades Pulsar PLQ1600P Philco 110V;R$ 269,00;https://m.media-amazon.com/images/I/51X0iFrfBjL._AC_UL320_.jpg
73;Kit Super Chef Preto - Liquidificador e Jarra Blend N Go - 127V;R$ 339,90;https://m.media-amazon.com/images/I/513ncnmSPsL._AC_UL320_.jpg
74;LIQUIDIFICADOR 1,4L THE QUIET ONE 220V 3HP;R$ 15.890,00;https://m.media-amazon.com/images/I/51ihBQvpB7L._AC_UL320_.jpg
75;Liquidificador, Inox Glass, 1,9L, Preto, 220V, Philco;R$ 167,11;https://m.media-amazon.com/images/I/61hNt6RrMDL._AC_UL320_.jpg
76;Liquidificador Electrolux 1200W Preto Expert com Tecnologia TruFlow® Power System BLP70;R$ 759,00;https://m.media-amazon.com/images/I/51dQhjDDlOL._AC_UL320_.jpg
77;Liquidificador Oster New Osterizer Clássico, 1,25L, 110V, Vermelho, 700W, BLST4126R;R$ 429,00;https://m.media-amazon.com/images/I/51c3WwarYlL._AC_UL320_.jpg
78;Liquidificador, Ph900 BR Gold, 3L, Branco, 220V, PHILCO;R$ 159,90;https://m.media-amazon.com/images/I/617gdpHNI1L._AC_UL320_.jpg
79;Liquidificador, E7TB1-8SML, 2L, Areia Metálica, 220v, Electrolux;R$ 859,90;https://m.media-amazon.com/images/I/81Qa0vnBeZL._AC_UL320_.jpg
80;Liquidificador, BSE10, 700ml, Aço Inox, 220v, Electrolux;R$ 215,10;https://m.media-amazon.com/images/I/71bZr8DYYLL._AC_UL320_.jpg
81;TXRLCON Liquidificador de suco portátil recarregável pequeno copo de suco doméstico totalmente automático multifuncional copo de suco 300 ml liquidificador de carregamento USB pessoal para acampamento ao ar livre piquenique;R$ 138,15;https://m.media-amazon.com/images/I/61++1X7OC4L._AC_UL320_.jpg
82;Organizador de cabos para eletrodomésticos, pacote com 3 organizadores de cabos para armazenamento de pequenos eletrodomésticos, fritadeira de ar, torradeira, liquidificador, cafeteira (três cores);R$ 137,11;https://m.media-amazon.com/images/I/51ypkzAe7zL._AC_UL320_.jpg
83;mewmewcat Liquidificador de mão multifuncional 5 em 1 com batedor de 6 velocidades ajustáveis para cozinha;R$ 449,99;https://m.media-amazon.com/images/I/71Hvt7WiMuL._AC_UL320_.jpg
84;Peças de reposição para espremedor, Vorwerk Thermomix TM5 TM6 Liquidificador de grau alimentício para cozinha com copos medidores;R$ 47,72;https://m.media-amazon.com/images/I/51z1KSl-Q3L._AC_UL320_.jpg
85;Liquidificador Vermelho Viva Philips Walita RI2134 110V;R$ 366,00;https://m.media-amazon.com/images/I/51XVYkRw69L._AC_UL320_.jpg
86;Liquidificador Revert Turbo BLQ1250P 220v - 1200W - Preto - Britania;R$ 171,90;https://m.media-amazon.com/images/I/51r52NMN8QL._AC_UL320_.jpg
87;BLACK+DECKER Liquidificador Portátil Twist 2 Copos 127V LP300;R$ 189,90;https://m.media-amazon.com/images/I/511mAlLoKlS._AC_UL320_.jpg
88;Liquidificador Britânia BLQ1300V Turbo 3L Vermelho 1200w 220v;R$ 217,20;https://m.media-amazon.com/images/I/51+os0aLA0L._AC_UL320_.jpg
89;Liquidificador K400 KitchenAid - Black Matte - 110V;R$ 2.499,00;https://m.media-amazon.com/images/I/61nrHsX5DPL._AC_UL320_.jpg
90;Liquidificador Oster New Osterizer Clássico, 1,25L, 110V, Cobre, 700W, BLST4128;R$ 445,41;https://m.media-amazon.com/images/I/511vI4x2rTL._AC_UL320_.jpg
91;Liquidificador BLQDiamante 1000V Turbo 2L Vermelho 1000w 220v;R$ 182,90;https://m.media-amazon.com/images/I/51+V24nj0AL._AC_UL320_.jpg
92;Liquidificador Philco PH900S Preto 1200W - 220V;R$ 209,90;https://m.media-amazon.com/images/I/71cRazbsZWL._AC_UL320_.jpg
93;Copo p/Liquidificador Arno Power Max 1000W Sangel Vermelho;R$ 46,90;https://m.media-amazon.com/images/I/51vxhxy2InL._AC_UL320_.jpg
94;Liquidificador Power Oster Preto 2,2l 220V - OLIQ520, OLIQ520-220V;R$ 379,90;https://m.media-amazon.com/images/I/51Zz4WDUwCL._AC_UL320_.jpg
95;Liquidificador Power Max 700 Limpa Fácil Ln61 Arno Power Mix Limpa Fácil Vermelho 110v;R$ 194,90;https://m.media-amazon.com/images/I/810hPj4v38L._AC_UL320_.jpg
96;Liquidificador Industrial 2 Litros Alta Rotação - Jl Colombo - 110V;R$ 419,90;https://m.media-amazon.com/images/I/51ECDDJ1PnL._AC_UL320_.jpg
97;Super Liquidificador e Processador B. Power Masterchef By Mallory - 220v, B91202382;R$ 350,53;https://m.media-amazon.com/images/I/71AqjgV3KYL._AC_UL320_.jpg
98;Batedor De Batidos Batidos, Liquidificador De Garrafa Sem Fio Construído Em Bateria Recarregável, Liquidificador De Suco Fresco Portátil 1800mah Usb Recarregável, Para Cozinha De Esportes De Viagem;R$ 147,36;https://m.media-amazon.com/images/I/51F3xTIqy-L._AC_UL320_.jpg
99;LIQUIDIFICADOR FORZA LQLF01 PR LEITOSO 1,5L 850W 127V AGRATTO;R$ 93,88;https://m.media-amazon.com/images/I/4196UPunybL._AC_UL320_.jpg
100;Liquidificador Oster New Osterizer Clássico, 1,25L, 110V, Black, 1000W, BLST4655B;R$ 469,99;https://m.media-amazon.com/images/I/51lvcKaQ-lL._AC_UL320_.jpg
101;Britania Liquidificador Blq970p Turbo 127v;R$ 165,90;https://m.media-amazon.com/images/I/51hCBpFfRNS._AC_UL320_.jpg
102;Lâmina do liquidificador, resistente à corrosão 4 aletas Design Lâmina extratora de aço inoxidável para casa para cozinha para restaurante;R$ 68,70;https://m.media-amazon.com/images/I/614m7YxAsHL._AC_UL320_.jpg
103;Liquidificador Tramontina by Breville Smart Gourmet com Copo Tritan 1200 W 1,5 L 220 V;R$ 2.474,50;https://m.media-amazon.com/images/I/51PbZk+G+QL._AC_UL320_.jpg
104;Mini USB Liquidificador Portatil 6 Lâmina Mixer Portatil Shake Coqueteleira Eletrica Sem Fio Squeeze Recarregavel (Verde);R$ 61,90;https://m.media-amazon.com/images/I/71-PmERZ4dL._AC_UL320_.jpg
105;Kit Super Chef Vermelho - Liquidificador e Jarra Blend N Go - 127V;R$ 339,90;https://m.media-amazon.com/images/I/51MHXnUyeDL._AC_UL320_.jpg
106;Super Liquidificador e Processador Mallory New B. Power 1000W Preto - 220v;R$ 493,70;https://m.media-amazon.com/images/I/71a9yGuVWYL._AC_UL320_.jpg
107;Black+Decker Liquidificador e processador fácil de lavar 290W 220V LP320-B2;R$ 279,90;https://m.media-amazon.com/images/I/51alyDpzPdL._AC_UL320_.jpg
108;Liquidificador Premium 700W, 220V, MasterChef LI3001I/02, Inox;R$ 199,99;https://m.media-amazon.com/images/I/61K7+-H5s2L._AC_UL320_.jpg
109;Liquidificador Britânia com Filtro 1000W Capacidade de 3L e 12 Velocidades B1000 127V - Vermelho;R$ 169,90;https://m.media-amazon.com/images/I/51W-uRDXU7L._AC_UL320_.jpg
110;Liquidificador Oster New Osterizer Clássico, 1,25L, 110V, Chrome, 1000W, BLST4655;R$ 449,90;https://m.media-amazon.com/images/I/51Td53K2wGL._AC_UL320_.jpg
111;Liquidificador 2 Litros Alta Rotação Industrial Inox 800w Industrial Shop (220);R$ 399,90;https://m.media-amazon.com/images/I/51cU7blDjDL._AC_UL320_.jpg
112;Liquidificador Viva, Preto, 110 V, Philips Walita;R$ 439,98;https://m.media-amazon.com/images/I/51IOzsLTe4S._AC_UL320_.jpg
113;Liquidificador Plq1350 Inox Turbo 127v;R$ 202,94;https://m.media-amazon.com/images/I/51awE0iNH7L._AC_UL320_.jpg
114;Liquidificador BLQDiamante 1000V Turbo 2L Vermelho 1000w 127v;R$ 149,90;https://m.media-amazon.com/images/I/51+V24nj0AL._AC_UL320_.jpg
115;Liquidificador, Arno, Power Mix Limpa Fácil, Vinho, Pacote de 1;R$ 179,99;https://m.media-amazon.com/images/I/71csRCXralL._AC_UL320_.jpg
116;Liquidificador Mallory Tornado 127v Preto;R$ 109,72;https://m.media-amazon.com/images/I/71j7UAlM90L._AC_UL320_.jpg
117;Dabey Copo misturador de suco e batidos Liquidificador de frutas Mini copo misturador portátil USB copo misturador de frutas recarregável Copo de suco lavável 400ml Copo liquidificador de frutas e veg;R$ 144,99;https://m.media-amazon.com/images/I/51e4DfV4ukL._AC_UL320_.jpg
118;Dabey Liquidificador de mãos para ovos Creme Smoothies Farinha para cozinha, padaria, bebida, prático e fácil operação laranja;R$ 109,99;https://m.media-amazon.com/images/I/51NXHAY8jJL._AC_UL320_.jpg
119;Yuwao Mini espremedor pessoal portátil pequeno copo de suco liquidificador com USB recarregável espremedor de frutas para escritório de viagens;R$ 199,99;https://m.media-amazon.com/images/I/51Qtug2qq6L._AC_UL320_.jpg
120;Wemay Multifuncional 4 em 1 picador manual de temperos picador de carne pressurizado picador de legumes picador de vegetais creme liquidificador de ovo;R$ 408,15;https://m.media-amazon.com/images/I/51QPkuwy-LL._AC_UL320_.jpg
121;BLACK+DECKER Liquidificador com Jarra de Vidro Inox Gourmand Gris 700W 127V L7000G;R$ 385,00;https://m.media-amazon.com/images/I/71c5Z8tqAJL._AC_UL320_.jpg
122;Liquidificador Oster 1400 Full, 3,2L, 110V, Preto, 1400W, OLIQ610;R$ 192,99;https://m.media-amazon.com/images/I/510rQSpiqSL._AC_UL320_.jpg
123;Liquidificador Oster New Osterizer Clássico, 1,25L, 110V, Black, 1000W, BLST4655B;R$ 469,99;https://m.media-amazon.com/images/I/51lvcKaQ-lL._AC_UL320_.jpg
124;Liquidificador Oster Reversível com Blend N Go, 1,5L, 110V, Vermelho, 600W, BLSTPYG1210RBG;R$ 835,41;https://m.media-amazon.com/images/I/61s08bDx2wL._AC_UL320_.jpg
125;Liquidificador Cadence Trapèze Com Filtro Cadence Preto 110v;R$ 129,90;https://m.media-amazon.com/images/I/61wIFlVz5tL._AC_UL320_.jpg
126;Liquidificador Arno Easy Mix Ln20 2 Velocidades 550w;R$ 139,00;https://m.media-amazon.com/images/I/41oEVuUkqpL._AC_UL320_.jpg
127;Liquidificador Portatil Rosa Mini Liquidificador Portátil USB Recarregável Com 6 Lâminas 500ml Grande Capacidade Casa Ar Livre Escritório;R$ 169,99;https://m.media-amazon.com/images/I/41H1f-X6kBL._AC_UL320_.jpg
128;Mallory Liquidificador Masterchef 127V;R$ 236,22;https://m.media-amazon.com/images/I/81MKpfTbIwL._AC_UL320_.jpg
129;Liquidificador Power Max 700 Limpa Fácil Ln60 Arno Power Mix Limpa Fácil Preto 220v;R$ 249,90;https://m.media-amazon.com/images/I/81VsvO5+guL._AC_UL320_.jpg
130;Liquidificador Digital Oster Active Sense™ Inox 2L com Blend N Go - 220V;R$ 1.499,00;https://m.media-amazon.com/images/I/51NPQ6QdEGL._AC_UL320_.jpg
61;GHY Protetor de Tela Azul 27 Polegadas (diagonal) para Proporção 16:9 Computador, Filtros de Tela de Computador para Tensão Ocular, Miopia, Proteção UV, Antiarranhões para Tela de Monitor de Computador;R$ 600,00;https://m.media-amazon.com/images/I/81DiOBSesyL._AC_UL320_.jpg
62;Computador Completo Core i5 8GB SSD 128GB Pc Intel Monitor Teclado e Mouse Cpu Desktop Strong Tech;R$ 1.496,00;https://m.media-amazon.com/images/I/61QkUW+g7xL._AC_UL320_.jpg
63;Computador Pc Intel Core i3 4GB SSD 120GB Hdmi Cpu Desktop;R$ 899,00;https://m.media-amazon.com/images/I/61fvwK6UbDL._AC_UL320_.jpg
64;Caixa de Som Mini Stage Solo Bluetooth 5.3 Speaker com Som Estéreo e HiFi, 3 Modos de Luz RGB e Conexões, Alimentado por USB Plug & Play para Computador, Desktop, Laptop, Projector, PS4, PS5 Portáteis;R$ 279,00;https://m.media-amazon.com/images/I/71Eh2UZRV-L._AC_UL320_.jpg
65;Computador Completo Core i5 8GB SSD 128GB Pc Intel Monitor Teclado e Mouse Cpu Desktop Strong Tech;R$ 1.496,00;https://m.media-amazon.com/images/I/61QkUW+g7xL._AC_UL320_.jpg
66;PC Gamer ITX Arena, Core i5 10400F, NVidia GeForce RTX 3050 8GB, Ram 16GB, SSD 240GB, Gabinete Gamer;R$ 5.199,00;https://m.media-amazon.com/images/I/616OaG9Fh6L._AC_UL320_.jpg
131;Batedor De Batidos Batidos, Liquidificador De Garrafa Sem Fio Construído Em Bateria Recarregável, Liquidificador De Suco Fresco Portátil 1800mah Usb Recarregável, Para Cozinha De Esportes De Viagem;R$ 134,68;https://m.media-amazon.com/images/I/61bWD3gR-ZL._AC_UL320_.jpg
132;Gerioie Equipamento de borracha de substituição de aço inoxidável durável, anticorrosão picando rapidamente reposição de engrenagem de lâmina substituível, para o liquidificador Ultima;R$ 95,91;https://m.media-amazon.com/images/I/513DNttJRQL._AC_UL320_.jpg
133;Lâmina de liquidificador de 6 barbatanas peças de reposição lâmina de barbatanas fêmea compatível com extrator de espremedor Nutri Ninja 900W 1000W;R$ 103,69;https://m.media-amazon.com/images/I/71deGeQ3DWL._AC_UL320_.jpg
134;Qudai Liquidificador de mão multifuncional 5 em 1 com batedor de 6 velocidades ajustáveis para cozinha;R$ 585,39;https://m.media-amazon.com/images/I/71Hvt7WiMuL._AC_UL320_.jpg
135;Mini Liquidificador Portátil Shake Juice Cup USB C/ 6 Lâminas;R$ 60,88;https://m.media-amazon.com/images/I/71rSIgJUMQL._AC_UL320_.jpg
136;Kit Super Chef Preto - Liquidificador e Acessórios - 220V;R$ 529,90;https://m.media-amazon.com/images/I/61ttHoHUd3L._AC_UL320_.jpg
137;Liquidificador Power Mix Limpa Fácil Lq32 Arno Power Mix Limpa Fácil Vinho 220v;R$ 184,99;https://m.media-amazon.com/images/I/71csRCXralL._AC_UL320_.jpg
138;Copo Liquidificador Walita Phillips Ri2081 Sangel;R$ 41,90;https://m.media-amazon.com/images/I/61sCNjqwmwL._AC_UL320_.jpg
139;Copo Liquidificador Mondial L-850w / 900w Cristal Vermelho;R$ 46,90;https://m.media-amazon.com/images/I/51ao-Gxcu+L._AC_UL320_.jpg
140;Liquidificador, Ph800V, 2,4L, Vermelho, 110V, Philco;R$ 149,00;https://m.media-amazon.com/images/I/81v9APgjy8L._AC_UL320_.jpg
141;fengny Liquidificador manual de imersão multifuncional 6 em 1 Liquidificador manual de 3 velocidades 1500 W de baixo ruído com copo de mistura/tigela de corte/batedor de ovos/lâmina de aço inoxi;R$ 516,22;https://m.media-amazon.com/images/I/51t93lpddLL._AC_UL320_.jpg
142;TXRLCON Liquidificador de suco portátil recarregável pequeno copo de suco doméstico totalmente automático multifuncional copo de suco 300 ml liquidificador de carregamento USB pessoal para acampamento ao ar livre piquenique;R$ 132,47;https://m.media-amazon.com/images/I/617K3u4ZP1L._AC_UL320_.jpg
143;Copo espremedor de smoothie e shakes liquidificador de frutas mini copo misturador portátil copo de liquidificador de frutas lavável copo de espremedor 400 ml copo de liquidificador de frutas e legumes;R$ 121,99;https://m.media-amazon.com/images/I/51e4DfV4ukL._AC_UL320_.jpg
144;LIQUIDIFICADOR COMERCIAL BAIXA ROTAÇÃO 6,0L. 127V - ATTAK;R$ 842,90;https://m.media-amazon.com/images/I/51iKRTUbbIS._AC_UL320_.jpg
145;Liquidificador Multifuncional, Plus, Preto/Prata, 110v, Hamilton Beach;R$ 315,74;https://m.media-amazon.com/images/I/61YluwN-2NL._AC_UL320_.jpg
146;Liquidificador, PLq1412P, 3L, Preto, 110V, Philco;Null;https://m.media-amazon.com/images/I/51CUQLcbfLL._AC_UL320_.jpg
147;Mini USB Liquidificador Portatil 6 Lâmina Mixer Portatil Shake Coqueteleira Eletrica Sem Fio Squeeze Recarregavel Presentes de NATAL (Roxo);R$ 61,90;https://m.media-amazon.com/images/I/614THUnLSVL._AC_UL320_.jpg
148;Liquidificador Mallory Taurus Glass Vermelho 1300w - 127V;R$ 242,99;https://m.media-amazon.com/images/I/61scLNXxspL._AC_UL320_.jpg
149;Kit New Osterizer Vermelho - Liquidificador e Acessórios - 220V;R$ 799,90;https://m.media-amazon.com/images/I/61EkXcqPPcL._AC_UL320_.jpg
150;Conjunto Mondial, Liquidificador + Batedeira + Espremedor, 220V - KT-105-R;R$ 299,90;https://m.media-amazon.com/images/I/61tXPpgnQfL._AC_UL320_.jpg
151;TXRLCON Liquidificador de suco portátil recarregável pequeno copo de suco doméstico totalmente automático multifuncional copo de suco 300 ml liquidificador de carregamento USB pessoal para acampamento ao ar livre piquenique;R$ 131,67;https://m.media-amazon.com/images/I/61dYdLroS0L._AC_UL320_.jpg
152;Mibee Liquidificador de 1400 W com 6 Blad-es 1,8 L de grande capacidade antiderrapante 2 modos para uso doméstico;R$ 2.000,89;https://m.media-amazon.com/images/I/61WuZF7gqpL._AC_UL320_.jpg
153;Mibee Copo espremedor portátil mini liquidificador rápido 380ml com carregamento sem fio 4 lâminas para smoothie milkshake suco comida para bebê;R$ 199,87;https://m.media-amazon.com/images/I/71FcrusufCL._AC_UL320_.jpg
154;Organizador de cabos para eletrodomésticos, pacote com 3 organizadores de cabos para armazenamento de pequenos eletrodomésticos, fritadeira de ar, torradeira, liquidificador, cafeteira (cinza);R$ 132,99;https://m.media-amazon.com/images/I/51-5qwlza5L._AC_UL320_.jpg
155;Kit New Osterizer Cobre - Liquidificador e Base Processadora Oster - 220V;R$ 602,00;https://m.media-amazon.com/images/I/51Wk-bxLOsL._AC_UL320_.jpg
156;Mini Liquidificador Portátil Juice Copo Shake Elétrico 12 volts;R$ 74,74;https://m.media-amazon.com/images/I/41bvrRKyAHS._AC_UL320_.jpg
157;fengny Liquidificador portátil Copo Juicer Mini Smoothies Maker Recarregável Liquidificador Tamanho Pessoal Liquidificador Copo de Viagem de Proteção de Segurança;R$ 115,64;https://m.media-amazon.com/images/I/51BjzWuBZgL._AC_UL320_.jpg
158;Liquidificador Industrial Skymsen LC4 Copo de Inox Alta Rotação Inox 665W 220V;R$ 1.199,99;https://m.media-amazon.com/images/I/414ughE2c4L._AC_UL320_.jpg
159;Arraste Conector Copo Liquidificador Mondial L1000;Null;https://m.media-amazon.com/images/I/51DI88sJjDL._AC_UL320_.jpg
160;Liquidificador Industrial Baixa Rotação 2 Litros Spl-048 Spolu;R$ 950,72;https://m.media-amazon.com/images/I/41-GzAuz0qL._AC_UL320_.jpg
161;TXRLCON Liquidificador de suco portátil recarregável pequeno copo de suco doméstico totalmente automático multifuncional copo de suco 300 ml liquidificador de carregamento USB pessoal para acampamento ao ar livre piquenique;R$ 144,11;https://m.media-amazon.com/images/I/61TxI1LQccL._AC_UL320_.jpg
162;Organizador de cabos para eletrodomésticos, pacote com 3 organizadores de cabos para armazenamento de pequenos eletrodomésticos, fritadeira de ar, torradeira, liquidificador, cafeteira (preto);R$ 137,99;https://m.media-amazon.com/images/I/51lxl+Vg2EL._AC_UL320_.jpg
163;Mibee Liquidificador de cinco peças para casa 600 w grande potência máquina de cozinhar batedor de mão haste trituradora copo moedor de carne tigela combinação suplemento alimentar espremedor;R$ 618,39;https://m.media-amazon.com/images/I/61pBe+DR-6L._AC_UL320_.jpg
164;Zwbfu De Massa Para Panqueca,de massa de panqueca Garrafa Misturador de massa de panqueca Caneta para servir panqueca com bola liquidificadora;R$ 96,89;https://m.media-amazon.com/images/I/41V1UPW2KCS._AC_UL320_.jpg
165;Liquidificador K150 KitchenAid - Black Matte 110V;R$ 1.223,28;https://m.media-amazon.com/images/I/61jKeKiTwBL._AC_UL320_.jpg
166;Liquidificador PH900 Wine Acompanha Filtro Philco 220V;R$ 199,00;https://m.media-amazon.com/images/I/61L7gB5n4dL._AC_UL320_.jpg
167;Liquidificador Mondial Turbo Power com 3 Velocidades 500W Branco - L-99WB - 127v;R$ 169,90;https://m.media-amazon.com/images/I/51GrK6T7foL._AC_UL320_.jpg
168;Homesen utensílio de cozinha Blender Smoothie Maker 2000W Professional Blender with 8 Adjustable Speeds 2L BPA-free Tritan c-ontainer and 4 Preset Programs for Smoothie/Ice/Dessert/Soup 33000rpm High;R$ 1.077,99;https://m.media-amazon.com/images/I/6130-zWmS9L._AC_UL320_.jpg
169;WUYUZI Liquidificador para Shakes e Smoothies 400 W Juice Maker com 2 garrafas de viagem Tritan Mini liquidificador portátil;R$ 468,23;https://m.media-amazon.com/images/I/61amrCzQG3L._AC_UL320_.jpg
170;Mini Liquidificador e Mixer Recarregavel Portatil Para Sucos;R$ 116,00;https://m.media-amazon.com/images/I/41BYedj+XCL._AC_UL320_.jpg
67;Computador Completo Core i5 8GB SSD 256GB Pc Intel Monitor Teclado e Mouse Cpu Desktop Strong Tech;R$ 1.548,00;https://m.media-amazon.com/images/I/61QkUW+g7xL._AC_UL320_.jpg
68;GHY Protetor de Tela Azul de 19 Polegadas (diagonal) para Proporção 5:4 Computador, Filtros de Tela de Computador para Tensão Ocular, Miopia, Proteção UV, Antiarranhões para Tela de Monitor de Computador;R$ 290,00;https://m.media-amazon.com/images/I/81DiOBSesyL._AC_UL320_.jpg
69;Microfone USB PC, condensador de gravação de computador cardioide com botão mudo e indicador LED para laptop, Mac, PS4 - gravação de voz, podcasts, Skype, YouTube, jogos, streaming (JV603-preto);R$ 89,00;https://m.media-amazon.com/images/I/51JhNPy7iKL._AC_UL320_.jpg
70;Computador Completo Intel Core i5 8gb SSD 240GB Monitor Hdmi;R$ 1.643,57;https://m.media-amazon.com/images/I/614sG5PFF6L._AC_UL320_.jpg
71;PAC-MAN e as Aventuras Fantasmagóricas;Null;https://m.media-amazon.com/images/I/71yq+ZZVGPL._AC_UL320_.jpg
72;Computador Completo Intel Core i5 4GB HD 1TB Monitor 19" Hdmi Teclado e Mouse Strong Tech;R$ 1.799,00;https://m.media-amazon.com/images/I/71Vhw30WWtL._AC_UL320_.jpg
73;Computador E3 Nano Intel Dual Core J1800, 4GB, SSD 120GB, 46NEMPC0B8NF - Elgin;R$ 1.159,00;https://m.media-amazon.com/images/I/514SP0z48sL._AC_UL320_.jpg
74;Computador Completo Intel Core i5 4GB HD 500GB Monitor 19" Hdmi Teclado e Mouse Strong Tech;R$ 1.579,00;https://m.media-amazon.com/images/I/71cY0AZRsTL._AC_UL320_.jpg
75;PC Gamer NAVE Urano AA01, AMD RYZEN 5 3600, 8GB, Radeon RX 570, SSD 256GB, LINUX, PRETO, MEDIO;R$ 6.276,23;https://m.media-amazon.com/images/I/51-sSKgENqL._AC_UL320_.jpg
76;Computador Completo Intel Core i5 8GB SSD 240GB Monitor 19" Webcam Hdmi Teclado e Mouse Strong Tech;R$ 1.620,00;https://m.media-amazon.com/images/I/71igKIrj-uL._AC_UL320_.jpg
77;Computador Completo Intel Core i3 6GB SSD 120GB Monitor Hdmi Teclado e Mouse Strong Tech;R$ 1.460,00;https://m.media-amazon.com/images/I/71vcXU8IThL._AC_UL320_.jpg
78;COMPUTADOR CORE I7, 8GB, SSD 480GB, GABINETE ATX, FONTE ATX, HERTZ INFORMATICA;R$ 1.549,00;https://m.media-amazon.com/images/I/41-c3JqqJrL._AC_UL320_.jpg
79;Computador Completo Core i5 4° Geração 8gb Hd 500gb + Monitor 18.5 + Wi-fi;R$ 2.699,00;https://m.media-amazon.com/images/I/51qAaRMeHDL._AC_UL320_.jpg
80;COMPUTADOR BUSINESS B700 - I7 8700 3.2GHZ 8GB DDR4 SSD 240GB HDMI/VGA FONTE 500W - SKUL;R$ 5.611,45;https://m.media-amazon.com/images/I/61d-BJymhJL._AC_UL320_.jpg
81;Computador Completo Intel Core i3 6GB HD 500GB Monitor Hdmi Teclado e Mouse Strong Tech;R$ 1.460,00;https://m.media-amazon.com/images/I/71iNxfZmWqL._AC_UL320_.jpg
82;Computador Completo Com Webcam Intel Core I3 8gb Hd 500Gb;R$ 1.298,00;https://m.media-amazon.com/images/I/41DezNsM7AL._AC_UL320_.jpg
83;COMPUTADOR GAMER 7000 - I7 9700F 3.0GHZ 9ª GER. MEM. 16GB DDR4 (2X 8GB) SSD 240GB HD 1TB GTX 1050TI 4GB FONTE 600W - SKUL;R$ 7.343,91;https://m.media-amazon.com/images/I/61agroAXB5L._AC_UL320_.jpg
84;Pc Computador Cpu Core I5 3470 500gb + 16gb Memória Ram;R$ 1.519,00;https://m.media-amazon.com/images/I/21wT2ffiPGS._AC_UL320_.jpg
85;Computador Pc Completo Intel i3 4°Geração 8gb SSD 240gb Wi-fi;R$ 2.899,00;https://m.media-amazon.com/images/I/510GlJ+o5IL._AC_UL320_.jpg
86;Pc Computador CPU MINI Dual Core / 4GB Ram/SSD 120GB - LIQUIDAÇÃO;Null;https://m.media-amazon.com/images/I/41QR44s0sXL._AC_UL320_.jpg
87;Computador Cpu Intel Core 2 Duo 8gb SSD 120gb Teclado Mouse;R$ 1.626,19;https://m.media-amazon.com/images/I/41jtuA0KYfL._AC_UL320_.jpg
88;Suporte de laptop para mesa, suporte de laptop ergonômico portátil ajustável de alumínio, suporte de computador dobrável 6 ângulos, almofada de resfriamento de laptop compatível com macbook, ipad, 9 "-17" riser de laptop e tablets (prata);R$ 115,99;https://m.media-amazon.com/images/I/71q9ftvyoBL._AC_UL320_.jpg
89;KABEWUS Suporte para laptop para mesa suporte estável para suporte ergonômico alumínio para 12-17 polegadas resfriamento computador para Mac MacBook Pro Air, HP, Dell, mais PC Notebook (prata claro);R$ 141,00;https://m.media-amazon.com/images/I/61iqcAJbR1L._AC_UL320_.jpg
90;Bolsa Grande de 15,6 Polegadas para Computador Bolsa para Professores para Viagens, Trabalho, Negócios, Escritório;R$ 242,89;https://m.media-amazon.com/images/I/616W4Gx1OhL._AC_UL320_.jpg
91;Easypc Computador Desktop SSD Series Intel Core i3 4GB 120GB SSD HDMI FULL HD;R$ 950,00;https://m.media-amazon.com/images/I/41CT4ejSNSL._AC_UL320_.jpg
92;COMPUTADOR BUSINESS B300 - I3 4130 3.4GHZ 4GB DDR3 SSD 120GB HDMI/VGA FONTE 200W WINDOWS 10 HOME - SKUL;R$ 2.038,69;https://m.media-amazon.com/images/I/710SH50QldL._AC_UL320_.jpg
93;Computador Completo Intel Core i5 4GB SSD 240GB Monitor 19" Hdmi Teclado e Mouse Strong Tech;R$ 1.597,00;https://m.media-amazon.com/images/I/71-PiUxZ5TL._AC_UL320_.jpg
94;Easypc Computador Standard Intel Core i3 4GB DDR3 HD 500GB HDMI FullHD audio 5.1 Monitor LED 19.5, Preto;R$ 1.257,52;https://m.media-amazon.com/images/I/61mcd6PyYIL._AC_UL320_.jpg
95;Pc Cpu Intel Core I5 3º3470 3,2ghz+16gbram+ssd 240gb Promoção;R$ 1.360,00;https://m.media-amazon.com/images/I/61j9KYb75wL._AC_UL320_.jpg
96;Computador Completo Intel Core i3 8gb SSD 240GB Monitor Hdmi;R$ 1.789,00;https://m.media-amazon.com/images/I/41DTZGxd+HL._AC_UL320_.jpg
97;Computador Completo Intel Core i5 4GB SSD 512GB Monitor 19" Hdmi Teclado e Mouse Strong Tech;R$ 1.799,00;https://m.media-amazon.com/images/I/71TGj-WLZdL._AC_UL320_.jpg
98;Computador Desktop Jab Computadores Intel Core I3 2100 3.1 GhZ, Memoria RAM DDR3 de 4GB + SSD 120 Gb + Teclado + Mouse;R$ 899,00;https://m.media-amazon.com/images/I/51lCUJhi6cL._AC_UL320_.jpg
99;COMPUTADOR BUSINESS B300 - I3-4130 3.4GHZ 4GB DDR3 SEM HD HDMI/VGA FONTE 200W - B41304 - SKUL;R$ 1.642,33;https://m.media-amazon.com/images/I/71slGzoMT9L._AC_UL320_.jpg
100;Computador Cpu Barato Celeron Dual Core 8gb Ram Ssd 120gb - LIQUIDAÇÃO;R$ 1.015,00;https://m.media-amazon.com/images/I/41oGvNvLqAL._AC_UL320_.jpg
101;PC Completo Intel Core i3, 4GB RAM DDR3, HD SSD 120GB, Monitor 18,5", Adaptador Wi-Fi, Teclado e Mouse;R$ 2.525,00;https://m.media-amazon.com/images/I/61GyWTCkfIL._AC_UL320_.jpg
102;COMPUTADOR BUSINESS B100 - CELERON DUAL CORE J1800 2.41GHZ 4GB DDR3 SODIMM HD 500GB 2 SERIAL 1 PARALELA FONTE 200W - SKUL;R$ 1.225,56;https://m.media-amazon.com/images/I/71slGzoMT9L._AC_UL320_.jpg
103;Computador Completo Intel Core i3 4GB SSD 120GB Monitor 19" Hdmi Teclado e Mouse Strong Tech;R$ 1.450,00;https://m.media-amazon.com/images/I/71bKD6erIeL._AC_UL320_.jpg
104;COMPUTADOR BUSINESS B100 - CELERON DUAL CORE J1800 2.41GHZ 4GB DDR3 SODIMM SSD 120GB 2 SERIAL 1 PARALELA FONTE 200W;R$ 969,68;https://m.media-amazon.com/images/I/71slGzoMT9L._AC_UL320_.jpg
105;Kit Mouse e Teclado, Maxprint, Acessórios para Computador;R$ 169,90;https://m.media-amazon.com/images/I/51571-IASsL._AC_UL320_.jpg
106;COMPUTADOR BUSINESS B300 - I3 4130 3.4GHZ 4GB DDR3 SSD 120GB HDMI/VGA FONTE 200W WINDOWS 10 PRO - SKUL;R$ 1.227,32;https://m.media-amazon.com/images/I/71Nt+1nFsdL._AC_UL320_.jpg
107;Computador Pc Intel Core i5 4GB SSD 120GB Hdmi Cpu Desktop;R$ 1.070,00;https://m.media-amazon.com/images/I/61+6oqyuT0L._AC_UL320_.jpg
108;Computador Pc Completo Intel Core i3 8GB HD 500GB Wi-fi;R$ 2.500,00;https://m.media-amazon.com/images/I/51vnJvGTOVL._AC_UL320_.jpg
109;Computador Pc Intel Core i5 8GB HD 500GB Hdmi Cpu Desktop;R$ 1.150,00;https://m.media-amazon.com/images/I/61MKgmYeaaL._AC_UL320_.jpg
110;COMPUTADOR BUSINESS B500 - I5 3470 3.2GHZ 8GB DDR3 SSD 240GB HDMI/VGA GRAVADOR DE DVD FONTE 300W WINDOWS 10 HOME -SKUL;R$ 1.997,10;https://m.media-amazon.com/images/I/61VMW6e1BmL._AC_UL320_.jpg
111;Cpu Computador Pc Intel Core I5 / Ssd 240gb, 8gb Memória Ram OFERTA;R$ 1.025,00;https://m.media-amazon.com/images/I/61fczmFZuBL._AC_UL320_.jpg
112;Computador Pc Intel Core i5 4GB SSD 240GB Hdmi Cpu Desktop;R$ 1.109,00;https://m.media-amazon.com/images/I/61k2KI7cBnL._AC_UL320_.jpg
113;GAB ATX Cyclon PRO G BK V2, Aerocool, Acessórios para Computador;R$ 546,55;https://m.media-amazon.com/images/I/61GmPDOUZUL._AC_UL320_.jpg
114;Computador Desktop Goldentec Intel® Core™ i3, 4GB, SSD 120GB, Windows 10 Home SL;R$ 921,71;https://m.media-amazon.com/images/I/71UR8saWmPL._AC_UL320_.jpg
115;Pc Desktop Prime Intel Core i5, 8GB RAM, SSD 480GB, GT 710 2GB-;R$ 2.520,00;https://m.media-amazon.com/images/I/41ijOBG24zS._AC_UL320_.jpg
116;Computador CPU i5 7ªG, 8GB DDR4, SSD 120GB - Promoção e Brinde!;R$ 2.225,00;https://m.media-amazon.com/images/I/513I3br3ZVL._AC_UL320_.jpg
117;Pc Computador CPU MINI Dual Core / 8GB Ram/SSD 240GB - LIQUIDAÇÃO;Null;https://m.media-amazon.com/images/I/41QR44s0sXL._AC_UL320_.jpg
118;COMPUTADOR BUSINESS B500 - I5 4570 3.2GHZ 8GB DDR3 SSD 240GB HDMI/VGA FONTE 300W - SKUL;R$ 2.135,84;https://m.media-amazon.com/images/I/611HGSkjccL._AC_UL320_.jpg
119;Mini PC para Intel 9th, 12GB 256GB, GX01 i9 9880h GTX1650 Mini Computador Desktop, Dual DDR4 4G GPU Placa gráfica discreta Mini PC para jogos com luz para Win10,11, para Linux(#1);R$ 4.547,65;https://m.media-amazon.com/images/I/71BtkcKMrrL._AC_UL320_.jpg
120;Computador Completo Intel Core i3 8gb SSD 120GB Monitor Hdmi;R$ 1.800,00;https://m.media-amazon.com/images/I/615pnis-N5L._AC_UL320_.jpg
121;Computador PC CPU Desktop Intel Core i5 8GB SSD 240GB CorPC Fast, Preto, Média, 27227;R$ 1.133,00;https://m.media-amazon.com/images/I/51PcZiOHGAL._AC_UL320_.jpg
122;COMPUTADOR INTEL CORE I3 2100 3.1 GhZ, PLACA MAE H61, MEMORIA RAM 4 GB + SSD 120 GB + LINUX + WIFI + MOUSE + TECLADO;R$ 1.249,00;https://m.media-amazon.com/images/I/51lCUJhi6cL._AC_UL320_.jpg
123;Mochila para laptop com alça de liga e alça de negócios, bolsa de nylon para computador com porta de carregamento USB;R$ 185,82;https://m.media-amazon.com/images/I/61ygiFTkTwL._AC_UL320_.jpg
124;Mochila para laptop com alça de liga de negócios, bolsa de nylon para computador com porta de carregamento USB;R$ 185,82;https://m.media-amazon.com/images/I/61A+REYRxHL._AC_UL320_.jpg
125;Mochila para laptop com alça de liga e alça de negócios, bolsa de nylon para computador com porta de carregamento USB;R$ 180,66;https://m.media-amazon.com/images/I/61Kxik2jpVL._AC_UL320_.jpg
126;Mochila leve para laptop, mochila de negócios, bolsa de nylon para computador e escola universitária, mochila com porta de carregamento USB;R$ 134,18;https://m.media-amazon.com/images/I/61EWMzWeb0L._AC_UL320_.jpg
127;Computador Completo Core i5 4GB SSD 256GB Pc Intel Monitor Teclado e Mouse Cpu Desktop Strong Tech;R$ 1.499,00;https://m.media-amazon.com/images/I/61QkUW+g7xL._AC_UL320_.jpg
128;Microfone USB para computador com botão mudo, condensador plug & play, desktop, PC, laptop, Mac, microfone PS4 - design de pescoço de ganso 360 - gravação, ditado, YouTube, jogos, streaming (omnidirecional-JV601PRO);R$ 99,00;https://m.media-amazon.com/images/I/51jfHPfGsmL._AC_UL320_.jpg
129;Mochila para laptop com alça de liga de negócios, bolsa de nylon para computador com porta de carregamento USB;R$ 185,82;https://m.media-amazon.com/images/I/61yXN5CL8rL._AC_UL320_.jpg
130;Mochila para laptop com alça de liga e alça de negócios, bolsa de nylon para computador com porta de carregamento USB;R$ 180,66;https://m.media-amazon.com/images/I/61c4CULjHML._AC_UL320_.jpg
131;Computador PC CPU Desktop Intel Core i5 8GB SSD 240GB CorPC Fast, Preto, Média, 27227;R$ 1.133,00;https://m.media-amazon.com/images/I/51PcZiOHGAL._AC_UL320_.jpg
132;COMPUTADOR INTEL CORE I3 2100 3.1 GhZ, PLACA MAE H61, MEMORIA RAM 4 GB + SSD 120 GB + LINUX + WIFI + MOUSE + TECLADO;R$ 1.249,00;https://m.media-amazon.com/images/I/51lCUJhi6cL._AC_UL320_.jpg
133;Unidade flash, stick de memória portátil portátil em formato de coração retro para computador, carro, alto-falante BT, TV(#8);R$ 98,57;https://m.media-amazon.com/images/I/61jIBaPEsfL._AC_UL320_.jpg
134;COMPUTADOR GAMER 1000 - ATHLON 3000G 3.5GHZ MEM. 8GB DDR4 SSD 240GB RX 550 4GB FONTE 500W - SKUL;R$ 3.712,42;https://m.media-amazon.com/images/I/6139pRaplzL._AC_UL320_.jpg
135;Computador Mancer Home Office (AMD RYZEN 5 4650G, 16GB DDR4, SSD 240GB, 500W, Stryker);R$ 2.464,90;https://m.media-amazon.com/images/I/61+R9wOF1oL._AC_UL320_.jpg
136;Computador Completo Intel Core i5 8GB HD 500GB Monitor 19" Hdmi Teclado e Mouse Strong Tech Slim;R$ 1.790,00;https://m.media-amazon.com/images/I/610-0qoIgVL._AC_UL320_.jpg
137;Mochila para laptop com alça de liga e alça de negócios, bolsa de nylon para computador com porta de carregamento USB;R$ 180,66;https://m.media-amazon.com/images/I/619HDyiJBsL._AC_UL320_.jpg
138;Mochila para laptop com alça de liga de negócios, bolsa de nylon para computador com porta de carregamento USB;R$ 185,82;https://m.media-amazon.com/images/I/61ol3klpRHL._AC_UL320_.jpg
139;Mochila para laptop com alça de liga e alça de negócios, bolsa de nylon para computador com porta de carregamento USB;R$ 185,82;https://m.media-amazon.com/images/I/6156Xb0H30L._AC_UL320_.jpg
140;Computador i3, 8gb e SSD 120gb;R$ 1.149,99;https://m.media-amazon.com/images/I/51PvtyHmmfL._AC_UL320_.jpg
141;Easypc Computador Completo Intel Core i5 8GB HD 500GB Monitor LED 19.5" HDMI Go, Preto;Null;https://m.media-amazon.com/images/I/81yPNW9YrXS._AC_UL320_.jpg
142;Strong Tech Computador Completo Intel Core i5 8GB SSD 240GB Monitor 17" HDMI Teclado e Mouse, Preto;R$ 1.575,00;https://m.media-amazon.com/images/I/71M413pLVHL._AC_UL320_.jpg
143;PC Gamer ITX Arena Setup Powered By Asus, I5 10400F, Asus GTX 1650 4GB, 16GB, SSD 480GB, 3 Anos Garantia;R$ 4.999,00;https://m.media-amazon.com/images/I/61-FZjjt7bL._AC_UL320_.jpg
144;Computador Desktop Business Intel Core i5 3.4Ghz/ 8Gb DDR3/ SSD 480GB;R$ 2.000,90;https://m.media-amazon.com/images/I/31Yy3Q9Z9GL._AC_UL320_.jpg
145;Season 01;Null;https://m.media-amazon.com/images/I/71EUmRIvXlL._AC_UL320_.jpg
146;COMPUTADOR CORPORATE I5 4GB 120GB SSD MONITOR 15;R$ 1.305,47;https://m.media-amazon.com/images/I/51qYlJ474EL._AC_UL320_.jpg
147;Mochila para laptop com alça de liga e alça de negócios, bolsa de nylon para computador com porta de carregamento USB;R$ 180,66;https://m.media-amazon.com/images/I/61cB79ONTYL._AC_UL320_.jpg
148;Mochila para laptop com alça de liga e alça de negócios, bolsa de nylon para computador com porta de carregamento USB;R$ 185,82;https://m.media-amazon.com/images/I/610DD5DBZBL._AC_UL320_.jpg
149;Mochila para laptop com alça de liga de negócios, bolsa de nylon para computador com porta de carregamento USB;R$ 185,82;https://m.media-amazon.com/images/I/61f7Q3TiBML._AC_UL320_.jpg
150;Computador Pc Cpu Intel Core i5 Com HDMI 16GB HD 500GB Windows 10 + BRINDE Wifi Desktop LIQUIDAÇÃO;R$ 1.899,92;https://m.media-amazon.com/images/I/31uIt1bd3WS._AC_UL320_.jpg
151;Computador Pc Intel Core i3 4GB SSD 120GB Hdmi Teclado e Mouse Cpu Desktop;R$ 1.109,00;https://m.media-amazon.com/images/I/51DR+PlgiKL._AC_UL320_.jpg
152;Cpu Computador Pc Intel Core I5 / Ssd 480gb, 8gb Memória Ram OFERTA;R$ 2.050,00;https://m.media-amazon.com/images/I/31Dx3qbeXQL._AC_UL320_.jpg
153;Strong Tech Computador Completo Intel Core i5 8GB HD 1TB Monitor 19" HDMI Teclado e Mouse, Preto;R$ 1.850,00;https://m.media-amazon.com/images/I/71O8fkER6lL._AC_UL320_.jpg
154;Computador Intel Core i3 8gb Ssd 240GB;R$ 1.108,33;https://m.media-amazon.com/images/I/41I4wHvOCYL._AC_UL320_.jpg
155;Computador desktop, 3 portas USB 3.0 Mini computador 64 GB SSD 4 GB RAM 1920x1080 Ventilador de refrigeração para escritório doméstico para Windows11;R$ 988,71;https://m.media-amazon.com/images/I/51VEa2Z6qsL._AC_UL320_.jpg
156;GOWENIC Mini PC para Windows 10 Home, 8GB LPDDR4 128GB M.2 2242 SSD Mini Computador para Celeron J4125, Ultra HD 4K, 2.4G/5.8G WiFi, BT 4.2, 2 USB3.0, HDMI, USB C, Mini PC Compacto para Jogos (EUA);R$ 1.082,37;https://m.media-amazon.com/images/I/614MiWBZjwL._AC_UL320_.jpg
157;Kit de limpeza multifuncional 7 em 1, caneta de limpeza para fone de ouvido de teclado, kit de escova de limpeza de fone de ouvido bluetooth teclado de tela portátil portátil, para computador/lente de câmera/monitor;R$ 74,99;https://m.media-amazon.com/images/I/51YfrhS8csL._AC_UL320_.jpg
158;Microfone USB, Microfone Gaming, Microfone Condensador de PC, ZiZuuBar com Botão Flick Mute Microfone Cardioide com Luzes LED RGB para Podcasting, Gravação de Streaming, Facebook, Twitch, YouTube, Plug and Play, Compatível com Mac/Linux/Ps4/computador;R$ 320,00;https://m.media-amazon.com/images/I/61Y8auV8zjL._AC_UL320_.jpg
159;UnionSine Disco Rígido Externo Portátil Ultra Fino USB3.0 HDD De Armazenamento Compatível Para Computador, Desktop, Notebook (500GB, Preto);R$ 196,00;https://m.media-amazon.com/images/I/61XVAme6q+L._AC_UL320_.jpg
160;Suporte Base De Apoio Ergonômico Para Computador com Suporte para Celular;R$ 158,00;https://m.media-amazon.com/images/I/61yLoIWPr6L._AC_UL320_.jpg
161;Computador CPU Core 2 Duo Memoria 4GB HD 500gb;R$ 899,00;https://m.media-amazon.com/images/I/51TiEDbthpL._AC_UL320_.jpg
162;Computador CPU i5 3ªG, 4GB DDR3, SSD 240GB ~ Promoção;R$ 1.725,00;https://m.media-amazon.com/images/I/41oGvNvLqAL._AC_UL320_.jpg
163;Computador CPU i5 4ªG, 4GB DDR3, SSD 120GB ~ Promoção;R$ 1.715,00;https://m.media-amazon.com/images/I/513I3br3ZVL._AC_UL320_.jpg
164;Computador Desktop Jab Computadores Intel Core I5 2400 3.1 GhZ, Memoria RAM DDR3 de 8GB + SSD 240 Gb + Teclado + Mouse;R$ 1.549,00;https://m.media-amazon.com/images/I/51hd5nENanL._AC_UL320_.jpg
165;Computador CPU i5 2ªG, 4GB DDR3, SSD 480GB ~ Promoção;R$ 1.785,00;https://m.media-amazon.com/images/I/51yclN6fOkL._AC_UL320_.jpg
166;Computador Pc Intel Core i5 4GB HD 2TB Hdmi Cpu Desktop;R$ 1.399,67;https://m.media-amazon.com/images/I/61rQVZclvTL._AC_UL320_.jpg
